3,Molestiae delectus sint. Consectetur earum nobis est officiis. Et recusandae beatae explicabo sint deleniti sit non.,problema,9,problem,9,2018-03-16 14:14:36.02187,2018-03-16 14:14:36.02187
6,Eius vel id laborum molestiae.,problema,11,problem,9,2018-03-16 14:14:36.02979,2018-03-16 14:14:36.02979
8,Quae repellendus autem nostrum natus officia tenetur. Non eos odio ducimus nesciunt quis cum.,ejemplo,6,example,1,2018-03-16 14:14:36.035604,2018-03-16 14:14:36.035604
9,Autem qui sed. Sit quam saepe eaque. Qui quibusdam earum accusamus nostrum aut.,ejemplo,1,comment,9,2018-03-16 14:14:36.038993,2018-03-16 14:14:36.038993
10,Rerum culpa quia tempore et cumque ipsum.,comentario,5,example,8,2018-03-16 14:14:36.041453,2018-03-16 14:14:36.041453
12,Sunt molestiae deserunt quia quis.,ejemplo,10,problem,9,2018-03-16 14:14:36.045491,2018-03-16 14:14:36.045491
13,Qui omnis eos voluptate.,ejemplo,13,problem,8,2018-03-16 14:14:36.048085,2018-03-16 14:14:36.048085
14,Consequatur ipsum debitis nulla enim. Consequatur aspernatur nam suscipit quo consectetur amet.,problema,8,problem,7,2018-03-16 14:14:36.051058,2018-03-16 14:14:36.051058
15,Velit sunt ipsam error sequi incidunt. Earum repudiandae velit nesciunt aut qui fugit. Quo voluptatem labore enim expedita perspiciatis incidunt neque.,comentario,20,comment,3,2018-03-16 14:14:36.053955,2018-03-16 14:14:36.053955
16,Quo earum reiciendis quia et. Dolores ut voluptatem sunt.,ejemplo,12,example,8,2018-03-16 14:14:36.05648,2018-03-16 14:14:36.05648
17,Omnis qui et voluptatem voluptatum.,ejemplo,5,problem,3,2018-03-16 14:14:36.05959,2018-03-16 14:14:36.05959
19,Quas et sed et voluptas ea molestias eaque.,comentario,11,problem,9,2018-03-16 14:14:36.065802,2018-03-16 14:14:36.065802
22,Consequatur vel provident. Quis dolorem cupiditate autem voluptatibus.,problema,11,example,5,2018-03-16 14:14:36.072825,2018-03-16 14:14:36.072825
23,Eos culpa qui velit. Voluptatem omnis qui voluptatum quae aut animi. Ea sed iusto ut deserunt.,problema,15,problem,1,2018-03-16 14:14:36.075269,2018-03-16 14:14:36.075269
24,Omnis ullam debitis voluptas sint nesciunt qui id.,problema,6,example,10,2018-03-16 14:14:36.07769,2018-03-16 14:14:36.07769
26,Accusamus quia modi perferendis.,comentario,8,comment,8,2018-03-16 14:14:36.081979,2018-03-16 14:14:36.081979
28,Exercitationem beatae sequi sit id aliquam. Corporis vel dolore sint nulla.,comentario,3,example,10,2018-03-16 14:14:36.08622,2018-03-16 14:14:36.08622
29,Minus ea qui ipsam eaque facilis pariatur illo. Sequi maxime rerum cumque ea.,problema,6,comment,3,2018-03-16 14:14:36.088498,2018-03-16 14:14:36.088498
